Feature,Age,Body Temperature,Body Temperature Fixed,Respiratory Rate,Oxygen Saturation,Won
RMSE with DB,4.000312879,61.02693418,61.26069561,3.030095188,3.83221311,2
RMSE without DB,2.385290761,61.41072791,61.41072791,2.023640012,2.792579117,3
KS Statistic with DB,0.085106383,0.992490613,1,0.292866083,0.63204005,2
KS Statistic without DB,0.088861076,1,1,0.112640801,0.42428035,2
P-value with DB,0.00611225,0,0,1.31E-30,4.63E-150,1
P-value without DB,0.003623349,0,0,7.79E-05,7.17E-65,2
Jensen-Shannon Divergence with DB,0.025346661,0.045950079,0.005355543,0.06485088,0.01290906,0
Jensen-Shannon Divergence without DB,0.014287641,0.005207881,0.005207881,0.04506009,0.011052488,5
