Feature,RMSE with DB,RMSE without DB,KS Statistic with DB,P-value with DB,KS Statistic without DB,P-value without DB,Jensen-Shannon Divergence with DB,Jensen-Shannon Divergence without DB
Age,4.000312878877244,2.3852907611062375,0.0851063829787234,0.006112250448963846,0.08886107634543179,0.003623348951126798,0.02534666143593584,0.014287641131037988
Body Temperature,61.02693417966539,61.41072791054612,0.9924906132665833,0.0,1.0,0.0,0.04595007909656667,0.005207881103077262
Body Temperature Fixed,61.260695611249865,61.41072791054612,1.0,0.0,1.0,0.0,0.005355542849349994,0.005207881103077262
Respiratory Rate,3.030095187623249,2.023640012112648,0.2928660826032541,1.309911899247983e-30,0.11264080100125157,7.79307236720234e-05,0.06485088006490691,0.045060090246645465
Oxygen Saturation,3.832213110156071,2.792579116632744,0.6320400500625782,4.6276773800947277e-150,0.42428035043804757,7.167428799476158e-65,0.012909060344284538,0.011052488100320862
